<Objs Version="1.1.0.1" xmlns="http://schemas.microsoft.com/powershell/2004/04">
  <Obj RefId="0">
    <TN RefId="0">
      <T>Microsoft.PowerShell.Commands.PSRepositoryItemInfo</T>
      <T>System.Management.Automation.PSCustomObject</T>
      <T>System.Object</T>
    </TN>
    <MS>
      <S N="Name">xStorage</S>
      <Version N="Version">3.4.0.0</Version>
      <S N="Type">Module</S>
      <S N="Description">This module contains all resources related to the PowerShell Storage module, or pertaining to disk management.</S>
      <S N="Author">PowerShell DSC</S>
      <S N="CompanyName">PowerShellTeam</S>
      <S N="Copyright">2017</S>
      <DT N="PublishedDate">2017-12-20T22:09:15+00:00</DT>
      <Obj N="InstalledDate" RefId="1">
        <DT>2021-04-16T13:34:02.9592884+00:00</DT>
        <MS>
          <Obj N="DisplayHint" RefId="2">
            <TN RefId="1">
              <T>Microsoft.PowerShell.Commands.DisplayHintType</T>
              <T>System.Enum</T>
              <T>System.ValueType</T>
              <T>System.Object</T>
            </TN>
            <ToString>DateTime</ToString>
            <I32>2</I32>
          </Obj>
        </MS>
      </Obj>
      <Nil N="UpdatedDate" />
      <URI N="LicenseUri">https://github.com/PowerShell/xStorage/blob/master/LICENSE</URI>
      <URI N="ProjectUri">https://github.com/PowerShell/xStorage</URI>
      <Nil N="IconUri" />
      <Obj N="Tags" RefId="3">
        <TN RefId="2">
          <T>System.Object[]</T>
          <T>System.Array</T>
          <T>System.Object</T>
        </TN>
        <LST>
          <S>DesiredStateConfiguration</S>
          <S>DSC</S>
          <S>DSCResourceKit</S>
          <S>DSCResource</S>
          <S>PSModule</S>
        </LST>
      </Obj>
      <Obj N="Includes" RefId="4">
        <TN RefId="3">
          <T>System.Collections.Hashtable</T>
          <T>System.Object</T>
        </TN>
        <DCT>
          <En>
            <S N="Key">DscResource</S>
            <Obj N="Value" RefId="5">
              <TNRef RefId="2" />
              <LST>
                <S>xDisk</S>
                <S>xDiskAccessPath</S>
                <S>xMountImage</S>
                <S>xWaitForDisk</S>
                <S>xWaitForVolume</S>
              </LST>
            </Obj>
          </En>
          <En>
            <S N="Key">RoleCapability</S>
            <Obj N="Value" RefId="6">
              <TNRef RefId="2" />
              <LST />
            </Obj>
          </En>
          <En>
            <S N="Key">Command</S>
            <Ref N="Value" RefId="6" />
          </En>
          <En>
            <S N="Key">Function</S>
            <Ref N="Value" RefId="6" />
          </En>
          <En>
            <S N="Key">Workflow</S>
            <Ref N="Value" RefId="6" />
          </En>
          <En>
            <S N="Key">Cmdlet</S>
            <Ref N="Value" RefId="6" />
          </En>
        </DCT>
      </Obj>
      <Nil N="PowerShellGetFormatVersion" />
      <S N="ReleaseNotes">- xDisk:_x000D__x000A_  - Removed duplicate integration tests for Guid Disk Id type._x000D__x000A_  - Added new contexts to integration tests improve clarity._x000D__x000A_  - Fix bug when size not specified and disk partitioned and_x000D__x000A_    formatted but not assigned drive letter - See [Issue 103](https://github.com/PowerShell/xStorage/issues/103)._x000D__x000A_- xDiskAccessPath:_x000D__x000A_  - Added new contexts to integration tests improve clarity._x000D__x000A_  - Fix bug when size not specified and disk partitioned and_x000D__x000A_    formatted but not assigned to path - See [Issue 103](https://github.com/PowerShell/xStorage/issues/103).</S>
      <Obj N="Dependencies" RefId="7">
        <TNRef RefId="2" />
        <LST />
      </Obj>
      <S N="RepositorySourceLocation">https://www.powershellgallery.com/api/v2</S>
      <S N="Repository">PSGallery</S>
      <S N="PackageManagementProvider">NuGet</S>
      <Obj N="AdditionalMetadata" RefId="8">
        <TN RefId="4">
          <T>System.Management.Automation.PSCustomObject</T>
          <T>System.Object</T>
        </TN>
        <MS>
          <S N="copyright">2017</S>
          <S N="description">This module contains all resources related to the PowerShell Storage module, or pertaining to disk management.</S>
          <S N="requireLicenseAcceptance">True</S>
          <S N="releaseNotes">- xDisk:_x000D__x000A_  - Removed duplicate integration tests for Guid Disk Id type._x000D__x000A_  - Added new contexts to integration tests improve clarity._x000D__x000A_  - Fix bug when size not specified and disk partitioned and_x000D__x000A_    formatted but not assigned drive letter - See [Issue 103](https://github.com/PowerShell/xStorage/issues/103)._x000D__x000A_- xDiskAccessPath:_x000D__x000A_  - Added new contexts to integration tests improve clarity._x000D__x000A_  - Fix bug when size not specified and disk partitioned and_x000D__x000A_    formatted but not assigned to path - See [Issue 103](https://github.com/PowerShell/xStorage/issues/103).</S>
          <S N="isLatestVersion">True</S>
          <S N="isAbsoluteLatestVersion">True</S>
          <S N="versionDownloadCount">708091</S>
          <S N="downloadCount">766778</S>
          <S N="packageSize">41874</S>
          <S N="published">12/20/2017 10:09:15 PM +00:00</S>
          <S N="created">12/20/2017 10:09:15 PM +00:00</S>
          <S N="lastUpdated">4/16/2021 1:32:07 PM +00:00</S>
          <S N="tags">DesiredStateConfiguration DSC DSCResourceKit DSCResource PSModule PSDscResource_x005F_xDisk PSDscResource_x005F_xDiskAccessPath PSDscResource_x005F_xMountImage PSDscResource_x005F_xWaitForDisk PSDscResource_x005F_xWaitForVolume PSIncludes_DscResource</S>
          <S N="developmentDependency">False</S>
          <S N="updated">2021-04-16T13:32:07Z</S>
          <S N="NormalizedVersion">3.4.0</S>
          <S N="Authors">PowerShell DSC</S>
          <S N="IsPrerelease">false</S>
          <S N="ItemType">Module</S>
          <S N="FileList">xStorage.nuspec|xStorage.psd1|DSCResources\MSFT_x005F_xDisk\MSFT_x005F_xDisk.psm1|DSCResources\MSFT_x005F_xDisk\MSFT_x005F_xDisk.schema.mof|DSCResources\MSFT_x005F_xDisk\README.md|DSCResources\MSFT_x005F_xDisk\en-us\MSFT_x005F_xDisk.strings.psd1|DSCResources\MSFT_x005F_xDiskAccessPath\MSFT_x005F_xDiskAccessPath.psm1|DSCResources\MSFT_x005F_xDiskAccessPath\MSFT_x005F_xDiskAccessPath.schema.mof|DSCResources\MSFT_x005F_xDiskAccessPath\README.md|DSCResources\MSFT_x005F_xDiskAccessPath\en-us\MSFT_x005F_xDiskAccessPath.strings.psd1|DSCResources\MSFT_x005F_xMountImage\MSFT_x005F_xMountImage.psm1|DSCResources\MSFT_x005F_xMountImage\MSFT_x005F_xMountImage.schema.mof|DSCResources\MSFT_x005F_xMountImage\README.md|DSCResources\MSFT_x005F_xMountImage\en-us\MSFT_x005F_xMountImage.strings.psd1|DSCResources\MSFT_x005F_xWaitForDisk\MSFT_x005F_xWaitForDisk.psm1|DSCResources\MSFT_x005F_xWaitForDisk\MSFT_x005F_xWaitForDisk.schema.mof|DSCResources\MSFT_x005F_xWaitForDisk\README.md|DSCResources\MSFT_x005F_xWaitForDisk\en-us\MSFT_x005F_xWaitForDisk.strings.psd1|DSCResources\MSFT_x005F_xWaitForVolume\MSFT_x005F_xWaitForVolume.psm1|DSCResources\MSFT_x005F_xWaitForVolume\MSFT_x005F_xWaitForVolume.schema.mof|DSCResources\MSFT_x005F_xWaitForVolume\README.md|DSCResources\MSFT_x005F_xWaitForVolume\en-us\MSFT_x005F_xWaitForVolume.strings.psd1|Examples\Resources\xDisk\1-xDisk_InitializeDataDisk.ps1|Examples\Resources\xDisk\2-xDisk_InitializeDataDiskUsingUniqueId.ps1|Examples\Resources\xDiskAccessPath\1-xDiskAccessPath_InitializeDataDiskWithAccessPath.ps1|Examples\Resources\xDiskAccessPath\2-xDiskAccessPath_InitializeDataDiskWithAccessPathUsingUniqueId.ps1|Examples\Resources\xMountImage\1-xMountImage_DismountISO.ps1|Examples\Resources\xMountImage\2-xMountImage_MountISO.ps1|Examples\Resources\xMountImage\3-xMountImage_MountVHD.ps1|Examples\Resources\xWaitForDisk\1-xWaitForDisk_InitializeDataDisk.ps1|Examples\Resources\xWaitForDisk\2-xWaitForDisk_InitializeDataDiskWithAccessPath.ps1|Examples\Resources\xWaitForDisk\3-xWaitForDisk_InitializeDataDiskWithAccessPath.ps1|Examples\Resources\xWaitForDisk\4-xWaitForDisk_InitializeDataDiskWithAccessPathUsingUniqueId.ps1|Examples\Resources\xWaitForVolume\1-xWaitForVolume_VHD.ps1|Examples\Resources\xWaitForVolume\2-xWaitForVolume_ISO.ps1|Modules\StorageDsc.Common\StorageDsc.Common.psm1|Modules\StorageDsc.Common\en-us\StorageDsc.Common.strings.psd1|Modules\StorageDsc.ResourceHelper\StorageDsc.ResourceHelper.psm1</S>
          <S N="GUID">00d73ca1-58b5-46b7-ac1a-5bfcf5814faf</S>
          <S N="PowerShellVersion">4.0</S>
          <S N="CompanyName">Microsoft Corporation</S>
        </MS>
      </Obj>
      <S N="InstalledLocation">C:\Users\runneradmin\Documents\PowerShell\Modules\xStorage\3.4.0.0</S>
    </MS>
  </Obj>
</Objs>
