<Objs Version="1.1.0.1" xmlns="http://schemas.microsoft.com/powershell/2004/04">
  <Obj RefId="0">
    <TN RefId="0">
      <T>Microsoft.PowerShell.Commands.PSRepositoryItemInfo</T>
      <T>System.Management.Automation.PSCustomObject</T>
      <T>System.Object</T>
    </TN>
    <MS>
      <S N="Name">xActiveDirectory</S>
      <Version N="Version">3.0.0.0</Version>
      <S N="Type">Module</S>
      <S N="Description">The xActiveDirectory module is originally part of the Windows PowerShell Desired State Configuration (DSC) Resource Kit. This version has been modified for use in Azure. This module contains the xADDomain, xADDomainController, xADUser, and xWaitForDomain resources. These DSC Resources allow you to configure and manage Active Directory._x000D__x000A__x000D__x000A_All of the resources in the DSC Resource Kit are provided AS IS, and are not supported through any Microsoft standard support program or service.</S>
      <S N="Author">Microsoft Corporation</S>
      <S N="CompanyName">PowerShellTeam</S>
      <S N="Copyright">(c) 2014 Microsoft Corporation. All rights reserved.</S>
      <DT N="PublishedDate">2019-06-26T21:34:27+00:00</DT>
      <Obj N="InstalledDate" RefId="1">
        <DT>2021-04-16T12:49:18.6907238+00:00</DT>
        <MS>
          <Obj N="DisplayHint" RefId="2">
            <TN RefId="1">
              <T>Microsoft.PowerShell.Commands.DisplayHintType</T>
              <T>System.Enum</T>
              <T>System.ValueType</T>
              <T>System.Object</T>
            </TN>
            <ToString>DateTime</ToString>
            <I32>2</I32>
          </Obj>
        </MS>
      </Obj>
      <Nil N="UpdatedDate" />
      <URI N="LicenseUri">https://github.com/PowerShell/xActiveDirectory/blob/master/LICENSE</URI>
      <URI N="ProjectUri">https://github.com/PowerShell/xActiveDirectory</URI>
      <Nil N="IconUri" />
      <Obj N="Tags" RefId="3">
        <TN RefId="2">
          <T>System.Object[]</T>
          <T>System.Array</T>
          <T>System.Object</T>
        </TN>
        <LST>
          <S>DesiredStateConfiguration</S>
          <S>DSC</S>
          <S>DSCResourceKit</S>
          <S>DSCResource</S>
          <S>PSModule</S>
        </LST>
      </Obj>
      <Obj N="Includes" RefId="4">
        <TN RefId="3">
          <T>System.Collections.Hashtable</T>
          <T>System.Object</T>
        </TN>
        <DCT>
          <En>
            <S N="Key">Function</S>
            <Obj N="Value" RefId="5">
              <TNRef RefId="2" />
              <LST />
            </Obj>
          </En>
          <En>
            <S N="Key">RoleCapability</S>
            <Ref N="Value" RefId="5" />
          </En>
          <En>
            <S N="Key">DscResource</S>
            <Obj N="Value" RefId="6">
              <TNRef RefId="2" />
              <LST>
                <S>xADComputer</S>
                <S>xADDomain</S>
                <S>xADDomainController</S>
                <S>xADDomainDefaultPasswordPolicy</S>
                <S>xADDomainTrust</S>
                <S>xADForestProperties</S>
                <S>xADGroup</S>
                <S>xADKDSKey</S>
                <S>xADManagedServiceAccount</S>
                <S>xADObjectEnabledState</S>
                <S>xADObjectPermissionEntry</S>
                <S>xADOrganizationalUnit</S>
                <S>xADRecycleBin</S>
                <S>xADReplicationSite</S>
                <S>xADReplicationSiteLink</S>
                <S>xADReplicationSubnet</S>
                <S>xADServicePrincipalName</S>
                <S>xADUser</S>
                <S>xWaitForADDomain</S>
              </LST>
            </Obj>
          </En>
          <En>
            <S N="Key">Command</S>
            <Ref N="Value" RefId="5" />
          </En>
          <En>
            <S N="Key">Cmdlet</S>
            <Ref N="Value" RefId="5" />
          </En>
          <En>
            <S N="Key">Workflow</S>
            <Ref N="Value" RefId="5" />
          </En>
        </DCT>
      </Obj>
      <Nil N="PowerShellGetFormatVersion" />
      <S N="ReleaseNotes">- Changes to xActiveDirectory_x000D__x000A_  - Added new helper functions in xADCommon, see each functions comment-based_x000D__x000A_    help for more information._x000D__x000A_    - Convert-PropertyMapToObjectProperties_x000D__x000A_    - Compare-ResourcePropertyState_x000D__x000A_    - Test-DscPropertyState_x000D__x000A_  - Move the examples in the README.md to Examples folder._x000D__x000A_  - Fix Script Analyzer rule failures._x000D__x000A_  - Opt-in to the following DSC Resource Common Meta Tests:_x000D__x000A_    - Common Tests - Custom Script Analyzer Rules_x000D__x000A_    - Common Tests - Required Script Analyzer Rules_x000D__x000A_    - Common Tests - Flagged Script Analyzer Rules_x000D__x000A_    - Common Tests - Validate Module Files ([issue 282](https://github.com/PowerShell/xActiveDirectory/issues/282))_x000D__x000A_    - Common Tests - Validate Script Files ([issue 283](https://github.com/PowerShell/xActiveDirectory/issues/283))_x000D__x000A_    - Common Tests - Relative Path Length ([issue 284](https://github.com/PowerShell/xActiveDirectory/issues/284))_x000D__x000A_    - Common Tests - Validate Markdown Links ([issue 280](https://github.com/PowerShell/xActiveDirectory/issues/280))_x000D__x000A_    - Common Tests - Validate Localization ([issue 281](https://github.com/PowerShell/xActiveDirectory/issues/281))_x000D__x000A_    - Common Tests - Validate Example Files ([issue 279](https://github.com/PowerShell/xActiveDirectory/issues/279))_x000D__x000A_    - Common Tests - Validate Example Files To Be Published ([issue 311](https://github.com/PowerShell/xActiveDirectory/issues/311))_x000D__x000A_  - Move resource descriptions to Wiki using auto-documentation ([issue 289](https://github.com/PowerShell/xActiveDirectory/issues/289))_x000D__x000A_  - Move helper functions from MSFT_x005F_xADCommon to the module_x000D__x000A_    xActiveDirectory.Common ([issue 288](https://github.com/PowerShell/xActiveDirectory/issues/288))._x000D__x000A_    - Removed helper function `Test-ADDomain` since it was not used. The_x000D__x000A_      helper function had design flaws too._x000D__x000A_    - Now the helper function `Test-Members` outputs all the members that_x000D__x000A_      are not in desired state when verbose output is enabled._x000D__x000A_  - Update all unit tests to latest unit test template._x000D__x000A_  - Deleted the obsolete xActiveDirectory_TechNetDocumentation.html file._x000D__x000A_  - Added new resource xADObjectEnabledState. This resource should be_x000D__x000A_    used to enforce the `Enabled` property of computer accounts. This_x000D__x000A_    resource replaces the deprecated `Enabled` property in the resource_x000D__x000A_    xADComputer._x000D__x000A_  - Cleanup of code_x000D__x000A_    - Removed semicolon throughout where it is not needed._x000D__x000A_    - Migrate tests to Pester syntax v4.x ([issue 322](https://github.com/PowerShell/xActiveDirectory/issues/322))._x000D__x000A_    - Removed `-MockWith {}` in unit tests._x000D__x000A_    - Use fully qualified type names for parameters and variables_x000D__x000A_      ([issue 374](https://github.com/PowerShell/xActiveDirectory/issues/374))._x000D__x000A_  - Removed unused legacy test files from the root of the repository._x000D__x000A_  - Updated Example List README with missing resources._x000D__x000A_  - Added missing examples for xADReplicationSubnet, xADServicePrincipalName and xWaitForADDomain. ([issue 395](https://github.com/PowerShell/xActiveDirectory/issues/395))._x000D__x000A_- Changes to xADComputer_x000D__x000A_  - Refactored the resource and the unit tests._x000D__x000A_  - BREAKING CHANGE: The `Enabled` property is **DEPRECATED** and is no_x000D__x000A_    longer set or enforces with this resource. _If this parameter is__x000D__x000A_    _used in a configuration a warning message will be outputted saying__x000D__x000A_    _that the `Enabled` parameter has been deprecated_. The new resource_x000D__x000A_    [xADObjectEnabledState](https://github.com/PowerShell/xActiveDirectoryxadobjectenabledstate)_x000D__x000A_    can be used to enforce the `Enabled` property._x000D__x000A_  - BREAKING CHANGE: The default value of the enabled property of the_x000D__x000A_    computer account will be set to the default value of the cmdlet_x000D__x000A_    `New-ADComputer`._x000D__x000A_  - A new parameter was added called `EnabledOnCreation` that will control_x000D__x000A_    if the computer account is created enabled or disabled._x000D__x000A_  - Moved examples from the README.md to separate example files in the_x000D__x000A_    Examples folder._x000D__x000A_  - Fix the RestoreFromRecycleBin description._x000D__x000A_  - Fix unnecessary cast in `Test-TargetResource` ([issue 295](https://github.com/PowerShell/xActiveDirectory/issues/295))._x000D__x000A_  - Fix ServicePrincipalNames property empty string exception ([issue 382](https://github.com/PowerShell/xActiveDirectory/issues/382))._x000D__x000A_- Changes to xADGroup_x000D__x000A_  - Change the description of the property RestoreFromRecycleBin._x000D__x000A_  - Code cleanup._x000D__x000A_- Changes to xADObjectPermissionEntry_x000D__x000A_  - Change the description of the property IdentityReference._x000D__x000A_  - Fix failure when applied in the same configuration as xADDomain._x000D__x000A_  - Localize and Improve verbose messaging._x000D__x000A_  - Code cleanup._x000D__x000A_- Changes to xADOrganizationalUnit_x000D__x000A_  - Change the description of the property RestoreFromRecycleBin._x000D__x000A_  - Code cleanup._x000D__x000A_  - Fix incorrect verbose message when this resource has Ensure set to Absent ([issue 276](https://github.com/PowerShell/xActiveDirectory/issues/276))._x000D__x000A_- Changes to xADUser_x000D__x000A_  - Change the description of the property RestoreFromRecycleBin._x000D__x000A_  - Added ServicePrincipalNames property ([issue 153](https://github.com/PowerShell/xActiveDirectory/issues/153))._x000D__x000A_  - Added ChangePasswordAtLogon property ([issue 246](https://github.com/PowerShell/xActiveDirectory/issues/246))._x000D__x000A_  - Code cleanup._x000D__x000A_  - Added LogonWorkstations property_x000D__x000A_  - Added Organization property_x000D__x000A_  - Added OtherName property_x000D__x000A_  - Added AccountNotDelegated property_x000D__x000A_  - Added AllowReversiblePasswordEncryption property_x000D__x000A_  - Added CompoundIdentitySupported property_x000D__x000A_  - Added PasswordNotRequired property_x000D__x000A_  - Added SmartcardLogonRequired property_x000D__x000A_  - Added ProxyAddresses property ([Issue 254](https://github.com/PowerShell/xActiveDirectory/issues/254))._x000D__x000A_  - Fix Password property being updated whenever another property is changed_x000D__x000A_    ([issue 384](https://github.com/PowerShell/xActiveDirectory/issues/384))._x000D__x000A_  - Replace Write-Error with the correct helper function ([Issue 331](https://github.com/PowerShell/xActiveDirectory/issues/331))._x000D__x000A_- Changes to xADDomainController_x000D__x000A_  - Change the `Requires` statement in the Examples to require the correct_x000D__x000A_    module._x000D__x000A_  - Suppressing the Script Analyzer rule `PSAvoidGlobalVars` since the_x000D__x000A_    resource is using the `$global:DSCMachineStatus` variable to trigger_x000D__x000A_    a reboot._x000D__x000A_  - Code cleanup._x000D__x000A_- Changes to xADDomain_x000D__x000A_  - Suppressing the Script Analyzer rule `PSAvoidGlobalVars` since the_x000D__x000A_    resource is using the `$global:DSCMachineStatus` variable to trigger_x000D__x000A_    a reboot._x000D__x000A_  - Code cleanup._x000D__x000A_- Changes to xADDomainTrust_x000D__x000A_  - Replaced New-TerminatingError with Standard Function._x000D__x000A_  - Code cleanup._x000D__x000A_- Changes to xWaitForADDomain_x000D__x000A_  - Suppressing the Script Analyzer rule `PSAvoidGlobalVars` since the_x000D__x000A_    resource is using the `$global:DSCMachineStatus` variable to trigger_x000D__x000A_    a reboot._x000D__x000A_  - Added missing property schema descriptions ([issue 369](https://github.com/PowerShell/xActiveDirectory/issues/369))._x000D__x000A_  - Code cleanup._x000D__x000A_- Changes to xADRecycleBin_x000D__x000A_  - Remove unneeded example and resource designer files._x000D__x000A_  - Added missing property schema descriptions ([issue 368](https://github.com/PowerShell/xActiveDirectory/issues/368))._x000D__x000A_  - Code cleanup._x000D__x000A_  - It now sets back the `$ErrorActionPreference` that was set prior to_x000D__x000A_    setting it to `"Stop"`._x000D__x000A_  - Replace Write-Error with the correct helper function ([issue 327](https://github.com/PowerShell/xActiveDirectory/issues/327))._x000D__x000A_- Changes to xADReplicationSiteLink_x000D__x000A_  - Fix ADIdentityNotFoundException when creating a new site link._x000D__x000A_  - Code cleanup._x000D__x000A_- Changes to xADReplicationSubnet_x000D__x000A_  - Remove `{ *Present* | Absent }` from the property schema descriptions_x000D__x000A_    which were causing corruption in the Wiki documentation._x000D__x000A_- Changes to xADServicePrincipalNames_x000D__x000A_  - Remove `{ *Present* | Absent }` from the property schema descriptions_x000D__x000A_    which were causing corruption in the Wiki documentation._x000D__x000A_- Changes to xADDomainDefaultPasswordPolicy_x000D__x000A_  - Code cleanup._x000D__x000A_- Changes to xADForestProperties_x000D__x000A_  - Minor style cleanup._x000D__x000A_- Changes to xADReplicationSubnet_x000D__x000A_  - Code cleanup._x000D__x000A_- Changes to xADKDSKey_x000D__x000A_  - Code cleanup._x000D__x000A_- Changes to xADManagedServiceAccount_x000D__x000A_  - Code cleanup._x000D__x000A_- Changes to xADServicePrincipalName_x000D__x000A_  - Code cleanup.</S>
      <Obj N="Dependencies" RefId="7">
        <TNRef RefId="2" />
        <LST />
      </Obj>
      <S N="RepositorySourceLocation">https://www.powershellgallery.com/api/v2</S>
      <S N="Repository">PSGallery</S>
      <S N="PackageManagementProvider">NuGet</S>
      <Obj N="AdditionalMetadata" RefId="8">
        <TN RefId="4">
          <T>System.Management.Automation.PSCustomObject</T>
          <T>System.Object</T>
        </TN>
        <MS>
          <S N="copyright">(c) 2014 Microsoft Corporation. All rights reserved.</S>
          <S N="description">The xActiveDirectory module is originally part of the Windows PowerShell Desired State Configuration (DSC) Resource Kit. This version has been modified for use in Azure. This module contains the xADDomain, xADDomainController, xADUser, and xWaitForDomain resources. These DSC Resources allow you to configure and manage Active Directory._x000D__x000A__x000D__x000A_All of the resources in the DSC Resource Kit are provided AS IS, and are not supported through any Microsoft standard support program or service.</S>
          <S N="requireLicenseAcceptance">False</S>
          <S N="releaseNotes">- Changes to xActiveDirectory_x000D__x000A_  - Added new helper functions in xADCommon, see each functions comment-based_x000D__x000A_    help for more information._x000D__x000A_    - Convert-PropertyMapToObjectProperties_x000D__x000A_    - Compare-ResourcePropertyState_x000D__x000A_    - Test-DscPropertyState_x000D__x000A_  - Move the examples in the README.md to Examples folder._x000D__x000A_  - Fix Script Analyzer rule failures._x000D__x000A_  - Opt-in to the following DSC Resource Common Meta Tests:_x000D__x000A_    - Common Tests - Custom Script Analyzer Rules_x000D__x000A_    - Common Tests - Required Script Analyzer Rules_x000D__x000A_    - Common Tests - Flagged Script Analyzer Rules_x000D__x000A_    - Common Tests - Validate Module Files ([issue 282](https://github.com/PowerShell/xActiveDirectory/issues/282))_x000D__x000A_    - Common Tests - Validate Script Files ([issue 283](https://github.com/PowerShell/xActiveDirectory/issues/283))_x000D__x000A_    - Common Tests - Relative Path Length ([issue 284](https://github.com/PowerShell/xActiveDirectory/issues/284))_x000D__x000A_    - Common Tests - Validate Markdown Links ([issue 280](https://github.com/PowerShell/xActiveDirectory/issues/280))_x000D__x000A_    - Common Tests - Validate Localization ([issue 281](https://github.com/PowerShell/xActiveDirectory/issues/281))_x000D__x000A_    - Common Tests - Validate Example Files ([issue 279](https://github.com/PowerShell/xActiveDirectory/issues/279))_x000D__x000A_    - Common Tests - Validate Example Files To Be Published ([issue 311](https://github.com/PowerShell/xActiveDirectory/issues/311))_x000D__x000A_  - Move resource descriptions to Wiki using auto-documentation ([issue 289](https://github.com/PowerShell/xActiveDirectory/issues/289))_x000D__x000A_  - Move helper functions from MSFT_x005F_xADCommon to the module_x000D__x000A_    xActiveDirectory.Common ([issue 288](https://github.com/PowerShell/xActiveDirectory/issues/288))._x000D__x000A_    - Removed helper function `Test-ADDomain` since it was not used. The_x000D__x000A_      helper function had design flaws too._x000D__x000A_    - Now the helper function `Test-Members` outputs all the members that_x000D__x000A_      are not in desired state when verbose output is enabled._x000D__x000A_  - Update all unit tests to latest unit test template._x000D__x000A_  - Deleted the obsolete xActiveDirectory_TechNetDocumentation.html file._x000D__x000A_  - Added new resource xADObjectEnabledState. This resource should be_x000D__x000A_    used to enforce the `Enabled` property of computer accounts. This_x000D__x000A_    resource replaces the deprecated `Enabled` property in the resource_x000D__x000A_    xADComputer._x000D__x000A_  - Cleanup of code_x000D__x000A_    - Removed semicolon throughout where it is not needed._x000D__x000A_    - Migrate tests to Pester syntax v4.x ([issue 322](https://github.com/PowerShell/xActiveDirectory/issues/322))._x000D__x000A_    - Removed `-MockWith {}` in unit tests._x000D__x000A_    - Use fully qualified type names for parameters and variables_x000D__x000A_      ([issue 374](https://github.com/PowerShell/xActiveDirectory/issues/374))._x000D__x000A_  - Removed unused legacy test files from the root of the repository._x000D__x000A_  - Updated Example List README with missing resources._x000D__x000A_  - Added missing examples for xADReplicationSubnet, xADServicePrincipalName and xWaitForADDomain. ([issue 395](https://github.com/PowerShell/xActiveDirectory/issues/395))._x000D__x000A_- Changes to xADComputer_x000D__x000A_  - Refactored the resource and the unit tests._x000D__x000A_  - BREAKING CHANGE: The `Enabled` property is **DEPRECATED** and is no_x000D__x000A_    longer set or enforces with this resource. _If this parameter is__x000D__x000A_    _used in a configuration a warning message will be outputted saying__x000D__x000A_    _that the `Enabled` parameter has been deprecated_. The new resource_x000D__x000A_    [xADObjectEnabledState](https://github.com/PowerShell/xActiveDirectoryxadobjectenabledstate)_x000D__x000A_    can be used to enforce the `Enabled` property._x000D__x000A_  - BREAKING CHANGE: The default value of the enabled property of the_x000D__x000A_    computer account will be set to the default value of the cmdlet_x000D__x000A_    `New-ADComputer`._x000D__x000A_  - A new parameter was added called `EnabledOnCreation` that will control_x000D__x000A_    if the computer account is created enabled or disabled._x000D__x000A_  - Moved examples from the README.md to separate example files in the_x000D__x000A_    Examples folder._x000D__x000A_  - Fix the RestoreFromRecycleBin description._x000D__x000A_  - Fix unnecessary cast in `Test-TargetResource` ([issue 295](https://github.com/PowerShell/xActiveDirectory/issues/295))._x000D__x000A_  - Fix ServicePrincipalNames property empty string exception ([issue 382](https://github.com/PowerShell/xActiveDirectory/issues/382))._x000D__x000A_- Changes to xADGroup_x000D__x000A_  - Change the description of the property RestoreFromRecycleBin._x000D__x000A_  - Code cleanup._x000D__x000A_- Changes to xADObjectPermissionEntry_x000D__x000A_  - Change the description of the property IdentityReference._x000D__x000A_  - Fix failure when applied in the same configuration as xADDomain._x000D__x000A_  - Localize and Improve verbose messaging._x000D__x000A_  - Code cleanup._x000D__x000A_- Changes to xADOrganizationalUnit_x000D__x000A_  - Change the description of the property RestoreFromRecycleBin._x000D__x000A_  - Code cleanup._x000D__x000A_  - Fix incorrect verbose message when this resource has Ensure set to Absent ([issue 276](https://github.com/PowerShell/xActiveDirectory/issues/276))._x000D__x000A_- Changes to xADUser_x000D__x000A_  - Change the description of the property RestoreFromRecycleBin._x000D__x000A_  - Added ServicePrincipalNames property ([issue 153](https://github.com/PowerShell/xActiveDirectory/issues/153))._x000D__x000A_  - Added ChangePasswordAtLogon property ([issue 246](https://github.com/PowerShell/xActiveDirectory/issues/246))._x000D__x000A_  - Code cleanup._x000D__x000A_  - Added LogonWorkstations property_x000D__x000A_  - Added Organization property_x000D__x000A_  - Added OtherName property_x000D__x000A_  - Added AccountNotDelegated property_x000D__x000A_  - Added AllowReversiblePasswordEncryption property_x000D__x000A_  - Added CompoundIdentitySupported property_x000D__x000A_  - Added PasswordNotRequired property_x000D__x000A_  - Added SmartcardLogonRequired property_x000D__x000A_  - Added ProxyAddresses property ([Issue 254](https://github.com/PowerShell/xActiveDirectory/issues/254))._x000D__x000A_  - Fix Password property being updated whenever another property is changed_x000D__x000A_    ([issue 384](https://github.com/PowerShell/xActiveDirectory/issues/384))._x000D__x000A_  - Replace Write-Error with the correct helper function ([Issue 331](https://github.com/PowerShell/xActiveDirectory/issues/331))._x000D__x000A_- Changes to xADDomainController_x000D__x000A_  - Change the `Requires` statement in the Examples to require the correct_x000D__x000A_    module._x000D__x000A_  - Suppressing the Script Analyzer rule `PSAvoidGlobalVars` since the_x000D__x000A_    resource is using the `$global:DSCMachineStatus` variable to trigger_x000D__x000A_    a reboot._x000D__x000A_  - Code cleanup._x000D__x000A_- Changes to xADDomain_x000D__x000A_  - Suppressing the Script Analyzer rule `PSAvoidGlobalVars` since the_x000D__x000A_    resource is using the `$global:DSCMachineStatus` variable to trigger_x000D__x000A_    a reboot._x000D__x000A_  - Code cleanup._x000D__x000A_- Changes to xADDomainTrust_x000D__x000A_  - Replaced New-TerminatingError with Standard Function._x000D__x000A_  - Code cleanup._x000D__x000A_- Changes to xWaitForADDomain_x000D__x000A_  - Suppressing the Script Analyzer rule `PSAvoidGlobalVars` since the_x000D__x000A_    resource is using the `$global:DSCMachineStatus` variable to trigger_x000D__x000A_    a reboot._x000D__x000A_  - Added missing property schema descriptions ([issue 369](https://github.com/PowerShell/xActiveDirectory/issues/369))._x000D__x000A_  - Code cleanup._x000D__x000A_- Changes to xADRecycleBin_x000D__x000A_  - Remove unneeded example and resource designer files._x000D__x000A_  - Added missing property schema descriptions ([issue 368](https://github.com/PowerShell/xActiveDirectory/issues/368))._x000D__x000A_  - Code cleanup._x000D__x000A_  - It now sets back the `$ErrorActionPreference` that was set prior to_x000D__x000A_    setting it to `"Stop"`._x000D__x000A_  - Replace Write-Error with the correct helper function ([issue 327](https://github.com/PowerShell/xActiveDirectory/issues/327))._x000D__x000A_- Changes to xADReplicationSiteLink_x000D__x000A_  - Fix ADIdentityNotFoundException when creating a new site link._x000D__x000A_  - Code cleanup._x000D__x000A_- Changes to xADReplicationSubnet_x000D__x000A_  - Remove `{ *Present* | Absent }` from the property schema descriptions_x000D__x000A_    which were causing corruption in the Wiki documentation._x000D__x000A_- Changes to xADServicePrincipalNames_x000D__x000A_  - Remove `{ *Present* | Absent }` from the property schema descriptions_x000D__x000A_    which were causing corruption in the Wiki documentation._x000D__x000A_- Changes to xADDomainDefaultPasswordPolicy_x000D__x000A_  - Code cleanup._x000D__x000A_- Changes to xADForestProperties_x000D__x000A_  - Minor style cleanup._x000D__x000A_- Changes to xADReplicationSubnet_x000D__x000A_  - Code cleanup._x000D__x000A_- Changes to xADKDSKey_x000D__x000A_  - Code cleanup._x000D__x000A_- Changes to xADManagedServiceAccount_x000D__x000A_  - Code cleanup._x000D__x000A_- Changes to xADServicePrincipalName_x000D__x000A_  - Code cleanup.</S>
          <S N="isLatestVersion">True</S>
          <S N="isAbsoluteLatestVersion">True</S>
          <S N="versionDownloadCount">277329</S>
          <S N="downloadCount">691991</S>
          <S N="packageSize">232595</S>
          <S N="published">6/26/2019 9:34:27 PM +00:00</S>
          <S N="created">6/26/2019 9:34:27 PM +00:00</S>
          <S N="lastUpdated">4/16/2021 12:47:07 PM +00:00</S>
          <S N="tags">DesiredStateConfiguration DSC DSCResourceKit DSCResource PSModule PSDscResource_x005F_xADComputer PSDscResource_x005F_xADDomain PSDscResource_x005F_xADDomainController PSDscResource_x005F_xADDomainDefaultPasswordPolicy PSDscResource_x005F_xADDomainTrust PSDscResource_x005F_xADForestProperties PSDscResource_x005F_xADGroup PSDscResource_x005F_xADKDSKey PSDscResource_x005F_xADManagedServiceAccount PSDscResource_x005F_xADObjectEnabledState PSDscResource_x005F_xADObjectPermissionEntry PSDscResource_x005F_xADOrganizationalUnit PSDscResource_x005F_xADRecycleBin PSDscResource_x005F_xADReplicationSite PSDscResource_x005F_xADReplicationSiteLink PSDscResource_x005F_xADReplicationSubnet PSDscResource_x005F_xADServicePrincipalName PSDscResource_x005F_xADUser PSDscResource_x005F_xWaitForADDomain PSIncludes_DscResource</S>
          <S N="developmentDependency">False</S>
          <S N="updated">2021-04-16T12:47:07Z</S>
          <S N="NormalizedVersion">3.0.0</S>
          <S N="Authors">Microsoft Corporation</S>
          <S N="IsPrerelease">false</S>
          <S N="ItemType">Module</S>
          <S N="FileList">xActiveDirectory.nuspec|CHANGELOG.md|LICENSE|README.md|xActiveDirectory.psd1|DSCResources\MSFT_x005F_xADComputer\MSFT_x005F_xADComputer.psm1|DSCResources\MSFT_x005F_xADComputer\MSFT_x005F_xADComputer.schema.mof|DSCResources\MSFT_x005F_xADComputer\README.md|DSCResources\MSFT_x005F_xADComputer\en-US\MSFT_x005F_xADComputer.strings.psd1|DSCResources\MSFT_x005F_xADDomain\MSFT_x005F_xADDomain.psm1|DSCResources\MSFT_x005F_xADDomain\MSFT_x005F_xADDomain.schema.mof|DSCResources\MSFT_x005F_xADDomain\README.md|DSCResources\MSFT_x005F_xADDomain\en-US\MSFT_x005F_xADDomain.strings.psd1|DSCResources\MSFT_x005F_xADDomainController\MSFT_x005F_xADDomainController.psm1|DSCResources\MSFT_x005F_xADDomainController\MSFT_x005F_xADDomainController.schema.mof|DSCResources\MSFT_x005F_xADDomainController\README.md|DSCResources\MSFT_x005F_xADDomainController\en-US\MSFT_x005F_xADDomainController.strings.psd1|DSCResources\MSFT_x005F_xADDomainDefaultPasswordPolicy\MSFT_x005F_xADDomainDefaultPasswordPolicy.psm1|DSCResources\MSFT_x005F_xADDomainDefaultPasswordPolicy\MSFT_x005F_xADDomainDefaultPasswordPolicy.schema.mof|DSCResources\MSFT_x005F_xADDomainDefaultPasswordPolicy\README.md|DSCResources\MSFT_x005F_xADDomainDefaultPasswordPolicy\en-US\MSFT_x005F_xADDomainDefaultPasswordPolicy.strings.psd1|DSCResources\MSFT_x005F_xADDomainTrust\MSFT_x005F_xADDomainTrust.psm1|DSCResources\MSFT_x005F_xADDomainTrust\MSFT_x005F_xADDomainTrust.schema.mof|DSCResources\MSFT_x005F_xADDomainTrust\README.md|DSCResources\MSFT_x005F_xADDomainTrust\en-US\MSFT_x005F_xADDomainTrust.strings.psd1|DSCResources\MSFT_x005F_xADForestProperties\MSFT_x005F_xADForestProperties.psm1|DSCResources\MSFT_x005F_xADForestProperties\MSFT_x005F_xADForestProperties.schema.mof|DSCResources\MSFT_x005F_xADForestProperties\README.md|DSCResources\MSFT_x005F_xADForestProperties\en-US\MSFT_x005F_xADForestProperties.strings.psd1|DSCResources\MSFT_x005F_xADGroup\MSFT_x005F_xADGroup.psm1|DSCResources\MSFT_x005F_xADGroup\MSFT_x005F_xADGroup.schema.mof|DSCResources\MSFT_x005F_xADGroup\README.md|DSCResources\MSFT_x005F_xADGroup\en-US\MSFT_x005F_xADGroup.strings.psd1|DSCResources\MSFT_x005F_xADKDSKey\MSFT_x005F_xADKDSKey.psm1|DSCResources\MSFT_x005F_xADKDSKey\MSFT_x005F_xADKDSKey.schema.mof|DSCResources\MSFT_x005F_xADKDSKey\README.md|DSCResources\MSFT_x005F_xADKDSKey\en-US\MSFT_x005F_xADKDSKey.strings.psd1|DSCResources\MSFT_x005F_xADManagedServiceAccount\MSFT_x005F_xADManagedServiceAccount.psm1|DSCResources\MSFT_x005F_xADManagedServiceAccount\MSFT_x005F_xADManagedServiceAccount.schema.mof|DSCResources\MSFT_x005F_xADManagedServiceAccount\README.md|DSCResources\MSFT_x005F_xADManagedServiceAccount\en-US\MSFT_x005F_xADManagedServiceAccount.strings.psd1|DSCResources\MSFT_x005F_xADObjectEnabledState\MSFT_x005F_xADObjectEnabledState.psm1|DSCResources\MSFT_x005F_xADObjectEnabledState\MSFT_x005F_xADObjectEnabledState.schema.mof|DSCResources\MSFT_x005F_xADObjectEnabledState\README.md|DSCResources\MSFT_x005F_xADObjectEnabledState\en-US\MSFT_x005F_xADObjectEnabledState.strings.psd1|DSCResources\MSFT_x005F_xADObjectPermissionEntry\MSFT_x005F_xADObjectPermissionEntry.psm1|DSCResources\MSFT_x005F_xADObjectPermissionEntry\MSFT_x005F_xADObjectPermissionEntry.schema.mof|DSCResources\MSFT_x005F_xADObjectPermissionEntry\README.md|DSCResources\MSFT_x005F_xADObjectPermissionEntry\en-US\MSFT_x005F_xADObjectPermissionEntry.strings.psd1|DSCResources\MSFT_x005F_xADOrganizationalUnit\MSFT_x005F_xADOrganizationalUnit.psm1|DSCResources\MSFT_x005F_xADOrganizationalUnit\MSFT_x005F_xADOrganizationalUnit.schema.mof|DSCResources\MSFT_x005F_xADOrganizationalUnit\README.md|DSCResources\MSFT_x005F_xADOrganizationalUnit\en-US\MSFT_x005F_xADOrganizationalUnit.strings.psd1|DSCResources\MSFT_x005F_xADRecycleBin\MSFT_x005F_xADRecycleBin.psm1|DSCResources\MSFT_x005F_xADRecycleBin\MSFT_x005F_xADRecycleBin.schema.mof|DSCResources\MSFT_x005F_xADRecycleBin\README.md|DSCResources\MSFT_x005F_xADRecycleBin\en-US\MSFT_x005F_xADRecycleBin.strings.psd1|DSCResources\MSFT_x005F_xADReplicationSite\MSFT_x005F_xADReplicationSite.psm1|DSCResources\MSFT_x005F_xADReplicationSite\MSFT_x005F_xADReplicationSite.schema.mof|DSCResources\MSFT_x005F_xADReplicationSite\README.md|DSCResources\MSFT_x005F_xADReplicationSite\en-US\MSFT_x005F_xADReplicationSite.strings.psd1|DSCResources\MSFT_x005F_xADReplicationSiteLink\MSFT_x005F_xADReplicationSiteLink.psm1|DSCResources\MSFT_x005F_xADReplicationSiteLink\MSFT_x005F_xADReplicationSiteLink.schema.mof|DSCResources\MSFT_x005F_xADReplicationSiteLink\README.md|DSCResources\MSFT_x005F_xADReplicationSiteLink\en-US\MSFT_x005F_xADReplicationSiteLink.strings.psd1|DSCResources\MSFT_x005F_xADReplicationSubnet\MSFT_x005F_xADReplicationSubnet.psm1|DSCResources\MSFT_x005F_xADReplicationSubnet\MSFT_x005F_xADReplicationSubnet.schema.mof|DSCResources\MSFT_x005F_xADReplicationSubnet\README.md|DSCResources\MSFT_x005F_xADReplicationSubnet\en-US\MSFT_x005F_xADReplicationSubnet.strings.psd1|DSCResources\MSFT_x005F_xADServicePrincipalName\MSFT_x005F_xADServicePrincipalName.psm1|DSCResources\MSFT_x005F_xADServicePrincipalName\MSFT_x005F_xADServicePrincipalName.schema.mof|DSCResources\MSFT_x005F_xADServicePrincipalName\README.md|DSCResources\MSFT_x005F_xADServicePrincipalName\en-US\MSFT_x005F_xADServicePrincipalName.strings.psd1|DSCResources\MSFT_x005F_xADUser\MSFT_x005F_xADUser.psm1|DSCResources\MSFT_x005F_xADUser\MSFT_x005F_xADUser.schema.mof|DSCResources\MSFT_x005F_xADUser\README.md|DSCResources\MSFT_x005F_xADUser\en-US\MSFT_x005F_xADUser.strings.psd1|DSCResources\MSFT_x005F_xWaitForADDomain\MSFT_x005F_xWaitForADDomain.psm1|DSCResources\MSFT_x005F_xWaitForADDomain\MSFT_x005F_xWaitForADDomain.schema.mof|DSCResources\MSFT_x005F_xWaitForADDomain\README.md|DSCResources\MSFT_x005F_xWaitForADDomain\en-US\MSFT_x005F_xWaitForADDomain.strings.psd1|Examples\README.md|Examples\Resources\xADComputer\1-AddComputerAccount_Config.ps1|Examples\Resources\xADComputer\2-AddComputerAccountDisabled_Config.ps1|Examples\Resources\xADComputer\3-AddComputerAccountSpecificPath_Config.ps1|Examples\Resources\xADComputer\4-AddComputerAccountAndCreateODJRequest_Config.ps1|Examples\Resources\xADDomain\1-NewForest_Config.ps1|Examples\Resources\xADDomain\2-NewChildDomain_Config.ps1|Examples\Resources\xADDomain\3-NewForestwithParentAndChildDomain_Config.ps1|Examples\Resources\xADDomain\4-NewDomainWithTwoDCs_Config.ps1|Examples\Resources\xADDomainController\1-AddDomainControllerToDomainMinimal_Config.ps1|Examples\Resources\xADDomainController\2-AddDomainControllerToDomainAllProperties_Config.ps1|Examples\Resources\xADDomainController\3-AddDomainControllerToDomainUsingIFM_Config.ps1|Examples\Resources\xADDomainDefaultPasswordPolicy\1-ConfigureDefaultPasswordPolicy_Config.ps1|Examples\Resources\xADDomainTrust\1-NewOneWayTrust_Config.ps1|Examples\Resources\xADForestProperties\1-ReplaceForestProperties_Config.ps1|Examples\Resources\xADForestProperties\2-AddRemoveForestProperties_Config.ps1|Examples\Resources\xADGroup\1-NewGroup_Config.ps1|Examples\Resources\xADGroup\2-NewGroupWithMembers_Config.ps1|Examples\Resources\xADGroup\3-NewGroupMultidomainMembers_Config.ps1|Examples\Resources\xADKDSKey\1-CreateKDSRootKey_Config.ps1|Examples\Resources\xADKDSKey\2-CreateKDSRootKeyInPast_Config.ps1|Examples\Resources\xADKDSKey\3-CreateKDSRootKeyRemoveLastKey_Config.ps1|Examples\Resources\xADManagedServiceAccount\1-CreateManagedServiceAccount_Config.ps1|Examples\Resources\xADManagedServiceAccount\2-CreateGroupManagedServiceAccount_Config.ps1|Examples\Resources\xADManagedServiceAccount\3-CreateGroupManagedServiceAccountWithMembers_Config.ps1|Examples\Resources\xADObjectEnabledState\1-EnabledComputerAccount_Config.ps1|Examples\Resources\xADObjectEnabledState\2-CreateClusterComputerAccount_Config.ps1|Examples\Resources\xADObjectEnabledState\3-EnabledPrestagedClusterComputerAccount_Config.ps1|Examples\Resources\xADObjectPermissionEntry\1-DelegateFullControl_Config.ps1|Examples\Resources\xADObjectPermissionEntry\2-CreateDeleteComputerObject_Config.ps1|Examples\Resources\xADObjectPermissionEntry\3-ReadWriteComputerObjectProperties_Config.ps1|Examples\Resources\xADOrganizationalUnit\1-CreateADOU_Config.ps1|Examples\Resources\xADRecycleBin\1-EnableADRecycleBin_Config.ps1|Examples\Resources\xADReplicationSite\1-CreateADReplicationSite_Config.ps1|Examples\Resources\xADReplicationSite\2-CreateADReplicationSiteRenameDefault_Config.ps1|Examples\Resources\xADReplicationSite\3-RemoveADReplicationSite_Config.ps1|Examples\Resources\xADReplicationSiteLInk\1-CreateReplicationSiteLink_Config.ps1|Examples\Resources\xADReplicationSiteLInk\2-ModifyExistingReplicationSiteLink_Config.ps1|Examples\Resources\xADReplicationSubnet\1-CreateReplicationSubnet_Config.ps1|Examples\Resources\xADServicePrincipalName\1-AddUserServicePrincipalName_Config.ps1|Examples\Resources\xADServicePrincipalName\2-AddComputerServicePrincipalName_Config.ps1|Examples\Resources\xADUser\1-CreateUserAndManagePassword_Config.ps1|Examples\Resources\xADUser\2-CreateUserAndIgnorePasswordChanges_Config.ps1|Examples\Resources\xWaitForADDomain\1-WaitForADDomain_Config.ps1|Modules\xActiveDirectory.Common\xActiveDirectory.Common.psm1|Modules\xActiveDirectory.Common\en-US\xActiveDirectory.Common.strings.psd1|Tests\Integration\MSFT_x005F_xADComputer.config.ps1|Tests\Integration\MSFT_x005F_xADComputer.Integration.Tests.ps1|Tests\Integration\MSFT_x005F_xADObjectEnabledState.config.ps1|Tests\Integration\MSFT_x005F_xADObjectEnableState.Integration.Tests.ps1|Tests\Unit\MSFT_x005F_xADComputer.Tests.ps1|Tests\Unit\MSFT_x005F_xADDomain.Tests.ps1|Tests\Unit\MSFT_x005F_xADDomainController.Tests.ps1|Tests\Unit\MSFT_x005F_xADDomainDefaultPasswordPolicy.Tests.ps1|Tests\Unit\MSFT_x005F_xADForestProperties.Tests.ps1|Tests\Unit\MSFT_x005F_xADGroup.Tests.ps1|Tests\Unit\MSFT_x005F_xADKDSKey.Tests.ps1|Tests\Unit\MSFT_x005F_xADManagedServiceAccount.Tests.ps1|Tests\Unit\MSFT_x005F_xADObjectEnabledState.Tests.ps1|Tests\Unit\MSFT_x005F_xADObjectPermissionEntry.Tests.ps1|Tests\Unit\MSFT_x005F_xADOrganizationalUnit.Tests.ps1|Tests\Unit\MSFT_x005F_xADRecycleBin.Tests.ps1|Tests\Unit\MSFT_x005F_xADReplicationSite.Tests.ps1|Tests\Unit\MSFT_x005F_xADReplicationSiteLink.tests.ps1|Tests\Unit\MSFT_x005F_xADReplicationSubnet.Tests.ps1|Tests\Unit\MSFT_x005F_xADServicePrincipalName.Tests.ps1|Tests\Unit\MSFT_x005F_xADUser.Tests.ps1|Tests\Unit\MSFT_x005F_xWaitForADDomain.Tests.ps1|Tests\Unit\xActiveDirectory.Common.Tests.ps1|Tests\Unit\Stubs\ActiveDirectoryStub.psm1|Tests\Unit\Stubs\Microsoft.ActiveDirectory.Management.cs|Tests\Unit\Stubs\Microsoft.DirectoryServices.Deployment.Types.cs</S>
          <S N="GUID">9FECD4F6-8F02-4707-99B3-539E940E9FF5</S>
          <S N="PowerShellVersion">4.0</S>
          <S N="CLRVersion">4.0</S>
          <S N="CompanyName">Microsoft Corporation</S>
        </MS>
      </Obj>
      <S N="InstalledLocation">C:\Users\runneradmin\Documents\PowerShell\Modules\xActiveDirectory\3.0.0.0</S>
    </MS>
  </Obj>
</Objs>
